{
 "min run: 1.0": {
  "mu: 2.0": {
   "wind speed: 0.6": {
    "first: ": 18.162121212121214, 
    "peak: ": 51.020408163265301
   }, 
   "wind speed: 1.2": {
    "first: ": 13.528787878787881, 
    "peak: ": 20.408163265306122
   }, 
   "wind speed: 0.4": {
    "first: ": 17.984848484848488, 
    "peak: ": 71.428571428571431
   }, 
   "wind speed: 1.0": {
    "first: ": 13.427272727272729, 
    "peak: ": 25.510204081632651
   }, 
   "wind speed: 0.2": {
    "first: ": 17.733333333333334, 
    "peak: ": 137.75510204081633
   }, 
   "wind speed: 1.6": {
    "first: ": 9.4818181818181824, 
    "peak: ": 15.306122448979592
   }, 
   "wind speed: 0.0": {
    "first: ": 22.777272727272724, 
    "peak: ": 96.938775510204081
   }, 
   "wind speed: 1.4": {
    "first: ": 10.25, 
    "peak: ": 15.306122448979592
   }, 
   "wind speed: 1.8": {
    "first: ": 9.163636363636364, 
    "peak: ": 10.204081632653061
   }, 
   "wind speed: 0.8": {
    "first: ": 15.142424242424244, 
    "peak: ": 35.714285714285715
   }, 
   "wind speed: 2.4": {
    "first: ": 6.9909090909090912, 
    "peak: ": 5.1020408163265305
   }, 
   "wind speed: 2.6": {
    "first: ": 6.3454545454545457, 
    "peak: ": 5.1020408163265305
   }, 
   "wind speed: 2.0": {
    "first: ": 8.3545454545454554, 
    "peak: ": 10.204081632653061
   }, 
   "wind speed: 2.2": {
    "first: ": 7.3212121212121213, 
    "peak: ": 5.1020408163265305
   }
  }
 }
}