{
 "windspeeds": [
  1.5389777897298749,
  1.0688172780169163,
  1.817278193357232,
  1.5955589051867303,
  0.61134713179901889,
  2.0860709510325721,
  1.6695516812745459,
  -0.201105231905615,
  1.4778033451953969,
  -0.37703413463571228,
  1.5627288350572279,
  0.8811837406499905,
  0.10129460653135582,
  0.36177860043995957,
  -0.18624197482933808,
  0.13435502015798409,
  -0.10129460653135573,
  0.4840754653828665,
  0.42147195566944151,
  -0.42147195566944157,
  -0.36177860043995952,
  -1.0058041732342093,
  -0.78642822827887404,
  -0.63761890215745176,
  1.2455600279184245,
  0.64030975696541848,
  -0.16475876247843135,
  1.1301002959481594],
 "groundspeeds": [
  2.6178010471204187,
  0.6093845216331505,
  1.7452006980802792,
  0.9250693802035153,
  1.9230769230769231,
  2.1186440677966103,
  2.1367521367521367,
  0.22655188038060717,
  2.5316455696202533,
  0.27472527472527475,
  1.1848341232227488,
  0.8756567425569177,
  1.1682242990654206,
  1.0330578512396693,
  1.4836795252225519,
  1.7035775127768313,
  1.1918951132300357,
  1.1848341232227488,
  1.4513788098693758,
  1.0764262648008611,
  1.0330578512396693,  
  0.9259259259259259,
  0.8771929824561403,
  0.9259259259259259,
  1.838235294117647,
  1.5037593984962405,
  0.6934812760055479,
  1.5267175572519085]
}
