{
 "theta range width: 90": {
  "min run: 2.0": {
   "mu: 1.5": {
    "wind speed: 0.6": {
     "first: ": 15.019865319865321, 
     "peak: ": 27.586206896551722
    }, 
    "wind speed: 0.7": {
     "first: ": 14.817171717171719, 
     "peak: ": 27.586206896551722
    }, 
    "wind speed: 0.4": {
     "first: ": 15.923905723905726, 
     "peak: ": 27.586206896551722
    }, 
    "wind speed: 0.5": {
     "first: ": 15.219865319865322, 
     "peak: ": 27.586206896551722
    }, 
    "wind speed: 0.2": {
     "first: ": 16.665319865319866, 
     "peak: ": 34.482758620689651
    }, 
    "wind speed: 0.3": {
     "first: ": 16.929292929292931, 
     "peak: ": 27.586206896551722
    }, 
    "wind speed: 0.0": {
     "first: ": 16.699999999999999, 
     "peak: ": 41.379310344827587
    }, 
    "wind speed: 0.1": {
     "first: ": 17.336026936026936, 
     "peak: ": 34.482758620689651
    }, 
    "wind speed: 1.4": {
     "first: ": 10.01010101010101, 
     "peak: ": 13.793103448275861
    }, 
    "wind speed: 1.1": {
     "first: ": 11.523569023569024, 
     "peak: ": 20.689655172413794
    }, 
    "wind speed: 0.8": {
     "first: ": 13.373063973063974, 
     "peak: ": 20.689655172413794
    }, 
    "wind speed: 0.9": {
     "first: ": 13.037037037037038, 
     "peak: ": 20.689655172413794
    }, 
    "wind speed: 1.2": {
     "first: ": 11.222222222222223, 
     "peak: ": 13.793103448275861
    }, 
    "wind speed: 1.5": {
     "first: ": 9.7754208754208758, 
     "peak: ": 13.793103448275861
    }, 
    "wind speed: 1.3": {
     "first: ": 10.852861952861954, 
     "peak: ": 13.793103448275861
    }, 
    "wind speed: 1.0": {
     "first: ": 12.631649831649833, 
     "peak: ": 20.689655172413794
    }, 
    "wind speed: 1.7": {
     "first: ": 9.1047138047138052, 
     "peak: ": 13.793103448275861
    }, 
    "wind speed: 1.8": {
     "first: ": 8.2993265993265997, 
     "peak: ": 13.793103448275861
    }, 
    "wind speed: 1.6": {
     "first: ": 9.3060606060606066, 
     "peak: ": 13.793103448275861
    }
   }
  }
 }
}