{
 "windspeeds": [-0.470,
                -0.818,
                -0.688,
                -0.1547,
                0.4696,
                0.8189,
                0.688,
                0.1547 ],
 "groundspeeds": [1.000,
                  0.5470459518599562,
                  0.5446623093681917,
                  0.9803921568627451,
                  0.7225433526011561,
                  1.5822784810126582,
                  0.9191176470588235,
                  1.1961722488038278]
}
