{
 "theta range width: 90": {
  "min run: 1.0": {
   "mu: 1.5": {
    "wind speed: 0.6": {
     "first: ": 14.48030303030303, 
     "peak: ": 27.586206896551722
    }, 
    "wind speed: 0.7": {
     "first: ": 13.857575757575757, 
     "peak: ": 27.586206896551722
    }, 
    "wind speed: 0.4": {
     "first: ": 16.880303030303033, 
     "peak: ": 27.586206896551722
    }, 
    "wind speed: 0.5": {
     "first: ": 15.875757575757577, 
     "peak: ": 27.586206896551722
    }, 
    "wind speed: 0.2": {
     "first: ": 17.401515151515149, 
     "peak: ": 34.482758620689651
    }, 
    "wind speed: 0.3": {
     "first: ": 16.413636363636364, 
     "peak: ": 34.482758620689651
    }, 
    "wind speed: 0.0": {
     "first: ": 17.801515151515151, 
     "peak: ": 41.379310344827587
    }, 
    "wind speed: 0.1": {
     "first: ": 16.901515151515152, 
     "peak: ": 27.586206896551722
    }, 
    "wind speed: 1.4": {
     "first: ": 10.422727272727276, 
     "peak: ": 13.793103448275861
    }, 
    "wind speed: 1.1": {
     "first: ": 12.053030303030305, 
     "peak: ": 20.689655172413794
    }, 
    "wind speed: 0.8": {
     "first: ": 13.786363636363637, 
     "peak: ": 20.689655172413794
    }, 
    "wind speed: 0.9": {
     "first: ": 13.031818181818183, 
     "peak: ": 20.689655172413794
    }, 
    "wind speed: 1.2": {
     "first: ": 11.518181818181821, 
     "peak: ": 13.793103448275861
    }, 
    "wind speed: 1.5": {
     "first: ": 10.087878787878788, 
     "peak: ": 13.793103448275861
    }, 
    "wind speed: 1.3": {
     "first: ": 10.627272727272727, 
     "peak: ": 13.793103448275861
    }, 
    "wind speed: 1.0": {
     "first: ": 12.881818181818183, 
     "peak: ": 20.689655172413794
    }, 
    "wind speed: 1.7": {
     "first: ": 8.8257575757575761, 
     "peak: ": 13.793103448275861
    }, 
    "wind speed: 1.8": {
     "first: ": 8.6590909090909101, 
     "peak: ": 13.793103448275861
    }, 
    "wind speed: 1.6": {
     "first: ": 10.031818181818183, 
     "peak: ": 13.793103448275861
    }
   }
  }
 }
}