{
 "theta range width: 90": {
  "min run: 5.0": {
   "mu: 1.5": {
    "wind speed: 0.6": {
     "first: ": 14.572390572390571, 
     "peak: ": 20.689655172413794
    }, 
    "wind speed: 0.7": {
     "first: ": 14.653198653198652, 
     "peak: ": 20.689655172413794
    }, 
    "wind speed: 0.4": {
     "first: ": 15.66077441077441, 
     "peak: ": 20.689655172413794
    }, 
    "wind speed: 0.5": {
     "first: ": 15.158249158249157, 
     "peak: ": 27.586206896551722
    }, 
    "wind speed: 0.2": {
     "first: ": 17.166666666666668, 
     "peak: ": 27.586206896551722
    }, 
    "wind speed: 0.3": {
     "first: ": 16.33080808080808, 
     "peak: ": 27.586206896551722
    }, 
    "wind speed: 0.0": {
     "first: ": 17.416666666666668, 
     "peak: ": 27.586206896551722
    }, 
    "wind speed: 0.1": {
     "first: ": 17.670033670033671, 
     "peak: ": 34.482758620689651
    }, 
    "wind speed: 1.4": {
     "first: ": 9.9663299663299654, 
     "peak: ": 13.793103448275861
    }, 
    "wind speed: 1.1": {
     "first: ": 11.641414141414142, 
     "peak: ": 13.793103448275861
    }, 
    "wind speed: 0.8": {
     "first: ": 13.90151515151515, 
     "peak: ": 20.689655172413794
    }, 
    "wind speed: 0.9": {
     "first: ": 13.229797979797979, 
     "peak: ": 20.689655172413794
    }, 
    "wind speed: 1.2": {
     "first: ": 11.138888888888888, 
     "peak: ": 13.793103448275861
    }, 
    "wind speed: 1.5": {
     "first: ": 9.6313131313131315, 
     "peak: ": 13.793103448275861
    }, 
    "wind speed: 1.3": {
     "first: ": 11.137205387205386, 
     "peak: ": 13.793103448275861
    }, 
    "wind speed: 1.0": {
     "first: ": 12.226430976430976, 
     "peak: ": 20.689655172413794
    }, 
    "wind speed: 1.7": {
     "first: ": 8.6254208754208754, 
     "peak: ": 13.793103448275861
    }, 
    "wind speed: 1.8": {
     "first: ": 8.5412457912457906, 
     "peak: ": 13.793103448275861
    }, 
    "wind speed: 1.6": {
     "first: ": 9.377946127946128, 
     "peak: ": 13.793103448275861
    }
   }
  }
 }
}